,0
0,/cheese-library/Abbaye-de-Belloc
1,/cheese-library/Abbaye-de-Citeaux
2,/cheese-library/Abbaye-de-Tamie
3,/cheese-library/Abbaye-du-Mont-des-Cats
4,/cheese-library/Abondance
5,/cheese-library/Acapella
6,/cheese-library/Adams-Reserve-Cheddar
7,/cheese-library/Adantino-with-Tarragon
8,/cheese-library/Aged-Cheddar-Grafton
9,/cheese-library/Airco
10,/cheese-library/Almnas-Tegel
11,/cheese-library/Alpha-Tolman
12,/cheese-library/Alpine-Gold
13,/cheese-library/Alpine-Style-Kennebec
14,/cheese-library/Alter-Schweizer
15,/cheese-library/Amablu-St-Petes-Select
16,/cheese-library/Ameribella
17,/cheese-library/American-Grana
18,/cheese-library/Anabasque
19,/cheese-library/Ancho-Goat-Caciotta
20,/cheese-library/Angelas-Pillow
21,/cheese-library/Annelies
22,/cheese-library/Anthill
23,/cheese-library/Appalachian
24,/cheese-library/Appenzeller
25,/cheese-library/Apple-Smoked-Cheddar
26,/cheese-library/Appletree-Smoked-Cheddar
27,/cheese-library/Ardrahan
28,/cheese-library/Arethusa-Diva
29,/cheese-library/Arseniko-Naxou
30,/cheese-library/Arza-Ulloa
31,/cheese-library/Ascutney-Mountain
32,/cheese-library/Ashbrook
33,/cheese-library/Asher-Blue
34,/cheese-library/Ashley
35,/cheese-library/Asiago-dAllevo
36,/cheese-library/Asiago-Sartori
37,/cheese-library/Assa
38,/cheese-library/Atika
39,/cheese-library/Auribella
40,/cheese-library/Autor
41,/cheese-library/Avondale-Truckle
42,/cheese-library/Avonlea-Clothbound
43,/cheese-library/Azeitao
44,/cheese-library/Ba-Ba-Blue
45,/cheese-library/Baby-Swiss-Boggy-Meadow
46,/cheese-library/Bad-Axe
47,/cheese-library/Balsamic-BellaVitano
48,/cheese-library/Balsamic-Goat-Ceased-Production
49,/cheese-library/Bandaged-Billy
50,/cheese-library/Bandaged-Bismark
51,/cheese-library/Banon
52,/cheese-library/Baraboo-Blue
53,/cheese-library/Barat
54,/cheese-library/Barely-Buzzed
55,/cheese-library/Barilotto
56,/cheese-library/Barkham-Blue
57,/cheese-library/Barn-Dance
58,/cheese-library/Barn-Owl
59,/cheese-library/Baronerosso-Al-Barbera
60,/cheese-library/Barren-County-Bleu
61,/cheese-library/Bartlett-Blue-Ceased-Production
62,/cheese-library/Basil-Mascarpone-Torta
63,/cheese-library/Battenkill-Brebis
64,/cheese-library/Battery-Park
65,/cheese-library/Battery-Park-Reserve
66,/cheese-library/Bay-Blue
67,/cheese-library/Bayley-Hazen-Blue
68,/cheese-library/Bear-Hill
69,/cheese-library/Bearded-Lady
70,/cheese-library/Beaufort
71,/cheese-library/Bebe
72,/cheese-library/Beenleigh-Blue
73,/cheese-library/Beer-Washed-Tomme
74,/cheese-library/Beermat-Aarauer-Bierdeckel-Kuentener
75,/cheese-library/BellaVitano-Gold
76,/cheese-library/Belper-Knolle
77,/cheese-library/Benedictine
78,/cheese-library/Bent-River-Camembert
79,/cheese-library/Bereleberg
80,/cheese-library/Bergblumen-Kse
81,/cheese-library/Berkshire-Blue
82,/cheese-library/Berkswell
83,/cheese-library/Bermuda-Triangle
84,/cheese-library/Berner-Oberlaender-Holbelkaese
85,/cheese-library/Bessies-Blend
86,/cheese-library/Bethmale--Couserans
87,/cheese-library/Bianca
88,/cheese-library/Bierdeckel
89,/cheese-library/Big-Boy-Blue
90,/cheese-library/Big-Eds
91,/cheese-library/Big-Johns-Cajun
92,/cheese-library/Big-Rock-Blue
93,/cheese-library/Big-Woods-Blue
94,/cheese-library/Bijou
95,/cheese-library/Billy-Blue
96,/cheese-library/Black-and-Bleu
97,/cheese-library/Black-and-Blue
98,/cheese-library/Black-Goat
99,/cheese-library/Black-Knight
100,/cheese-library/Black-Pepper-BellaVitano
101,/cheese-library/Black-Sheep
102,/cheese-library/Blackstone
103,/cheese-library/Blanca-Bianca
104,/cheese-library/Blaues-Wunder
105,/cheese-library/Bleu-Benedictine
106,/cheese-library/Bleu-dAuvergne
107,/cheese-library/Bleu-de-Gex-Haut-Jura
108,/cheese-library/Bleu-de-Sassenage
109,/cheese-library/Bleu-dElizabeth
110,/cheese-library/Bleu-des-Causses
111,/cheese-library/Bloomsdale
112,/cheese-library/Blu-61
113,/cheese-library/Blu-del-Moncenisio
114,/cheese-library/Blu-di-Bufala
115,/cheese-library/Blue-Cheese-Crumbles-Litehouse
116,/cheese-library/Blue-Cheese-Litehouse
117,/cheese-library/Blue-Paradise
118,/cheese-library/Blue-Ridge-Bleu
119,/cheese-library/Blue-Sunshine
120,/cheese-library/Bluebird
121,/cheese-library/Bluebonnet
122,/cheese-library/Bocconcino-di-Langa
123,/cheese-library/Bohemian-Blue
124,/cheese-library/Bon-Pere
125,/cheese-library/Bonde-de-Gtine
126,/cheese-library/Bonne-Bouche
127,/cheese-library/Bossa
128,/cheese-library/Boucher-Blue
129,/cheese-library/Bourbon-Chocolate-Hearts
130,/cheese-library/Bourre
131,/cheese-library/Bouyguette
132,/cheese-library/Bra-Duro-Vecchio
133,/cheese-library/Brabander
134,/cheese-library/Braided-Caciocavera
135,/cheese-library/Braided-String-Cheese--Hickory-Smoked-Karoun
136,/cheese-library/Braided-String-Cheese--Olive-Garlic-Karoun
137,/cheese-library/Braided-String-Cheese--Original-Karoun
138,/cheese-library/Braided-String-Cheese-with-Black-Caraway-Karoun
139,/cheese-library/Brazos-Select
140,/cheese-library/Bread-Cheese-Carr-Valley
141,/cheese-library/Breakfast-Cheese
142,/cheese-library/Brebis-Blackberry-Farms
143,/cheese-library/Brebis-Blanche
144,/cheese-library/Brescianella-Stagionata
145,/cheese-library/Bresse-Bleu
146,/cheese-library/Briana
147,/cheese-library/Briar-Summit
148,/cheese-library/brick
149,/cheese-library/Bridgewater
150,/cheese-library/Brie-a-la-Moutarde
151,/cheese-library/Brie-Bites
152,/cheese-library/Brie-Brazos-Valley
153,/cheese-library/Brie-de-Meaux
154,/cheese-library/Brie-de-Melun-
155,/cheese-library/Brie-Marin-French-Cheese
156,/cheese-library/Brie-Noir
157,/cheese-library/Brie-Paysan
158,/cheese-library/Brigids-Abbey
159,/cheese-library/Brillat-Savarin
160,/cheese-library/Brin-dAmour
161,/cheese-library/Briscola
162,/cheese-library/Brittanys-Blue-Brie
163,/cheese-library/Broad-River-Blue
164,/cheese-library/Brocciu-
165,/cheese-library/Buche
166,/cheese-library/Bucheret
167,/cheese-library/Bucheron
168,/cheese-library/Bucheron-Montchevr
169,/cheese-library/Buchette
170,/cheese-library/Buchette-Ashrinded
171,/cheese-library/Bucks-Brew
172,/cheese-library/Bufarolo
173,/cheese-library/Buffalo-Mozzarella-Deca-Otto
174,/cheese-library/Burrata-Belgioioso
175,/cheese-library/Burrata-Deca-Otto
176,/cheese-library/Burrata-Maplebrook-Farm
177,/cheese-library/Burrata-Mozzarella-Co
178,/cheese-library/Burwash-Rose
179,/cheese-library/Buttermilk-Blue
180,/cheese-library/Buttons
181,/cheese-library/Buure-Weichchaesli-Moser
182,/cheese-library/Cabcou-Andante-Dairy
183,/cheese-library/Cabcou-de-Rocamadour
184,/cheese-library/Cabrales
185,/cheese-library/Cabricharme
186,/cheese-library/Cabrie
187,/cheese-library/Cacio-Pecora
188,/cheese-library/Caciocavallo-Pezzata-Rossa
189,/cheese-library/Caciocavallo-Podolico
190,/cheese-library/Caciocavallo-Podolico-Colantuano
191,/cheese-library/Caciocavallo-Silano
192,/cheese-library/Caciotta
193,/cheese-library/Caerphilly
194,/cheese-library/Caerphilly-Tonjes
195,/cheese-library/Cagliata
196,/cheese-library/Cahills-Irish-Whiskey-Cheese
197,/cheese-library/Calcagno
198,/cheese-library/Calderwood
199,/cheese-library/California-Crottin
200,/cheese-library/Calvander
201,/cheese-library/Cambozola-Black-Label
202,/cheese-library/Camellia
203,/cheese-library/Camembert-Le-Chatelain
204,/cheese-library/Camembert-Normandie
205,/cheese-library/Camembert-Silvery-Moon-Creamery
206,/cheese-library/Cameo
207,/cheese-library/Campagnier
208,/cheese-library/Campo-de-Montalban
209,/cheese-library/Campos-Goticos
210,/cheese-library/Cana-de-Cabra
211,/cheese-library/Canestrato
212,/cheese-library/Cantal
213,/cheese-library/Capricious
214,/cheese-library/Capricorns
215,/cheese-library/Capriella
216,/cheese-library/Caprino-Cremeso-Tartufo
217,/cheese-library/Caprotto
218,/cheese-library/Cardo
219,/cheese-library/Carmela
220,/cheese-library/Carmody
221,/cheese-library/Carnia-Altobut
222,/cheese-library/Carolina-Moon
223,/cheese-library/Carrigalene--Smoked
224,/cheese-library/Cascaval
225,/cheese-library/Casco-Bay-Dulse
226,/cheese-library/Cashel-Blue
227,/cheese-library/Cashmere
228,/cheese-library/Caso-Bolo-Mellage
229,/cheese-library/Casolet
230,/cheese-library/Caspian-Ceased-Production
231,/cheese-library/Castelo-Branco
232,/cheese-library/Castle-Blue
233,/cheese-library/Cathare
234,/cheese-library/Cavatina
235,/cheese-library/Cave-Aged-Cheddar-Carr-Valley
236,/cheese-library/Cave-Aged-Marisa
237,/cheese-library/Caveman
238,/cheese-library/Cayuga-Blue
239,/cheese-library/Cella
240,/cheese-library/Chabichou-du-Poitou
241,/cheese-library/Chabis-Feuille
242,/cheese-library/Chabis-Laura-Chenel
243,/cheese-library/Chai-BellaVitano
244,/cheese-library/Challerhocker
245,/cheese-library/Chamoose
246,/cheese-library/Champayeur
247,/cheese-library/Chandoka
248,/cheese-library/Chaource
249,/cheese-library/Chardonnay
250,/cheese-library/Chardonnay-Truffle
251,/cheese-library/Chardonnay-Wash
252,/cheese-library/Charleston-Caviar
253,/cheese-library/Charolais
254,/cheese-library/Chartufo-Truffle
255,/cheese-library/Chaseholm-Camembert
256,/cheese-library/Chechil
257,/cheese-library/Cheddar-Aged-Kerrygold
258,/cheese-library/Cheddar-Avonlea
259,/cheese-library/Cheddar-Barbers-1833-Vintage
260,/cheese-library/Cheddar-Beechers-Flagship-Reserve
261,/cheese-library/Cheddar-Black-Creek-2-Year
262,/cheese-library/Cheddar-Black-Creek-3-Year
263,/cheese-library/Cheddar-Black-Creek-9-Month
264,/cheese-library/Cheddar-Bleu-Mont
265,/cheese-library/Cheddar-Bravo-Farms
266,/cheese-library/Cheddar-Cabot-Clothbound
267,/cheese-library/Cheddar-Crowley-Sharp
268,/cheese-library/Cheddar-Deer-Creek-5-Year
269,/cheese-library/Cheddar-Deer-Creek-7-Year
270,/cheese-library/Cheddar-Face-Rock-12-Month
271,/cheese-library/Cheddar-Fiscalini-Cloth-Wrapped
272,/cheese-library/Cheddar-Georgia-Gold-Clothbound
273,/cheese-library/Cheddar-Gold-Creek-Aged-White
274,/cheese-library/Cheddar-Gold-Creek-Bacon-Chive
275,/cheese-library/Cheddar-Gold-Creek-Cherry-Sage
276,/cheese-library/Cheddar-Gold-Creek-Rosemary-Mint
277,/cheese-library/Cheddar-Gold-Creek-Saffron
278,/cheese-library/Cheddar-Gold-Creek-Smoked-White
279,/cheese-library/Cheddar-Grafton-Village-Cloth-Wrapped
280,/cheese-library/Cheddar-Great-Midwest
281,/cheese-library/Cheddar-Hooks-10-Year
282,/cheese-library/Cheddar-Keens
283,/cheese-library/Cheddar-Montgomerys
284,/cheese-library/Cheddar-Old-Croc-Extra-Sharp
285,/cheese-library/Cheddar-Old-Croc-Sharp
286,/cheese-library/Cheddar-Old-Quebec-Vintage
287,/cheese-library/Cheddar-Quickes-Smoked-
288,/cheese-library/Cheddar-Quickes-Traditional
289,/cheese-library/Cheddar-Rogue-Chocolate-Stout
290,/cheese-library/Cheddar-Shelburne-Farms-2-Yr
291,/cheese-library/Cheddar-Shelburne-Smoked
292,/cheese-library/Cheddar-The-Fawn
293,/cheese-library/Cheddar-The-Stag
294,/cheese-library/Cheddar-Vat-17
295,/cheese-library/Cheddar-Widmers-6-Year
296,/cheese-library/Cheese-Curds
297,/cheese-library/Chefs-Chevre
298,/cheese-library/Cherbourg
299,/cheese-library/Cheshire-Applebys
300,/cheese-library/Chevrapero
301,/cheese-library/Chevre-au-Lait
302,/cheese-library/Chevre-Fleurie
303,/cheese-library/Chevre-in-Blue
304,/cheese-library/Chevre-Noir-Flying-Goat
305,/cheese-library/Chevre-Rawson-Brook
306,/cheese-library/Chevremousse
307,/cheese-library/Chevrotin
308,/cheese-library/Chicory
309,/cheese-library/Chilcote
310,/cheese-library/Chimay--Beer-Washed
311,/cheese-library/Chimay-Dore-Gold
312,/cheese-library/Chimay-Grand-Reserve
313,/cheese-library/Chiriboga-Bavarian-Blue
314,/cheese-library/Chvre-Capriole-
315,/cheese-library/Chvre-Noir
316,/cheese-library/Chvre-Vermont-Butter--Cheese-Creamery
317,/cheese-library/Chvre-with-Chives--Garlic-Zingermans-Creamery
318,/cheese-library/Ciabot
319,/cheese-library/Cinerino
320,/cheese-library/Cirrus
321,/cheese-library/Citrus-Ginger-BellaVitano
322,/cheese-library/Classic-Blue-Log
323,/cheese-library/Classic-Goat-Chevre-Kennebec
324,/cheese-library/Clochette
325,/cheese-library/Clothbound-Cheddar-Shelburne-Farms
326,/cheese-library/Clothbound-Cheddar-The-Farm-House
327,/cheese-library/Cloud-9
328,/cheese-library/Cloumage
329,/cheese-library/Coach-Aged-Green-Peppercorn
330,/cheese-library/Coach-Farm-Aged-Cheese
331,/cheese-library/Coach-Farm-Fresh-Goat-Buttons
332,/cheese-library/Coach-Farm-Grating-Stick
333,/cheese-library/Coach-Farm-Triple-Cream--
334,/cheese-library/Cocoa-Cardona
335,/cheese-library/Coeur-de-la-Crme-
336,/cheese-library/Coeur-de-Neufchtel
337,/cheese-library/Coeur-du-Clos
338,/cheese-library/Colby-Jack-Tillamook
339,/cheese-library/ColoRouge
340,/cheese-library/Comeback-Cow
341,/cheese-library/Comte
342,/cheese-library/Condors-Ruin
343,/cheese-library/Constant-Bliss
344,/cheese-library/Coolea
345,/cheese-library/Cooleeney
346,/cheese-library/Cornish-Yarg
347,/cheese-library/Cotherstone
348,/cheese-library/Cotija
349,/cheese-library/Cottage-Cheese-Cowgirl-Creamery
350,/cheese-library/Cottage-Cheese-Traders-Point-Creamery
351,/cheese-library/Cottonbell
352,/cheese-library/Couloummiers
353,/cheese-library/Country-Morning
354,/cheese-library/Coupole
355,/cheese-library/Covered-Bridge
356,/cheese-library/Cowbilly
357,/cheese-library/Crater-Lake-Blue
358,/cheese-library/Cream-Cheese-Green-Valley-Lactose-Free
359,/cheese-library/Creama-Kasa
360,/cheese-library/Creamy-Goat-Cheese
361,/cheese-library/CreamyGorg
362,/cheese-library/Crema-de-Blue
363,/cheese-library/Creme-Fraiche-Cowgirl-Creamery
364,/cheese-library/Creme-Papillon
365,/cheese-library/Cremont
366,/cheese-library/Crescenza
367,/cheese-library/CrescenzaStracchino-BelGioioso
368,/cheese-library/Crme-de-Bleu
369,/cheese-library/Crme-Frache-Bellwether-Farms
370,/cheese-library/Crme-Frache-Vermont-Butter--Cheese-Creamery
371,/cheese-library/Crottin-de-Chavignol
372,/cheese-library/Crottin-Idyll-Farms
373,/cheese-library/Crottin-Laura-Chenel
374,/cheese-library/Crottin-Montchevr
375,/cheese-library/Crottina
376,/cheese-library/Crowdie
377,/cheese-library/Crozier-Blue
378,/cheese-library/Crumbled-Goat-Cheese-Vermont-Creamery
379,/cheese-library/Cumberland
380,/cheese-library/Cumin-Spiced-Cheddar
381,/cheese-library/Dafne
382,/cheese-library/Dairyland-Farmers-Cheese
383,/cheese-library/Dallenwiler-Wychas
384,/cheese-library/Danbo-with-Caraway
385,/cheese-library/Dancing-Fern
386,/cheese-library/Dante
387,/cheese-library/Dark-Moon
388,/cheese-library/Delice-de-Bourgogne
389,/cheese-library/Delice-de-Favieres
390,/cheese-library/Delice-de-Poitou
391,/cheese-library/Delizia-della-Tavola
392,/cheese-library/Despearado
393,/cheese-library/Detroit-Street-Brick
394,/cheese-library/Devils-Gulch
395,/cheese-library/Devon-Blue
396,/cheese-library/Dinah
397,/cheese-library/Dirt-Lover
398,/cheese-library/Dolcina-Gorgonzola
399,/cheese-library/Dolomitico-alla-Birra
400,/cheese-library/Dorset
401,/cheese-library/Dorstone
402,/cheese-library/Double-Gloucester-Applebys
403,/cheese-library/Double-Gloucester-Smarts
404,/cheese-library/Dragons-Breath
405,/cheese-library/Dream-Weaver
406,/cheese-library/Driftless
407,/cheese-library/Drunken-Cheddar-Gold-Creek
408,/cheese-library/Drunken-Goat
409,/cheese-library/Drunken-Hooligan
410,/cheese-library/Dry-Jack-Special-Select
411,/cheese-library/Duchess
412,/cheese-library/Dunbarton-Blue
413,/cheese-library/Dunmore
414,/cheese-library/Durrus
415,/cheese-library/Dutch-Chocolate
416,/cheese-library/Dzorette
417,/cheese-library/Early-Snow
418,/cheese-library/Earthquake
419,/cheese-library/Echo-Mountain-Blue
420,/cheese-library/Echourgnac
421,/cheese-library/Eclipse-Goats-Leap
422,/cheese-library/Eclipse-R--G-Cheese-Makers
423,/cheese-library/Edelschaf-Schafkase
424,/cheese-library/Eden
425,/cheese-library/Eden-Brazos-Valley
426,/cheese-library/Edwins-Munster-Ceased-Production
427,/cheese-library/Eidolon
428,/cheese-library/Elberton-Blue
429,/cheese-library/Elderflower-Tomme
430,/cheese-library/Eleven-Brothers
431,/cheese-library/Elk-Mountain
432,/cheese-library/Emmentaler
433,/cheese-library/Emmentaler-Edelweiss-Creamery
434,/cheese-library/Epoisses
435,/cheese-library/Ermite
436,/cheese-library/Espresso-BellaVitano
437,/cheese-library/Etivaz
438,/cheese-library/Etorki
439,/cheese-library/Evalon
440,/cheese-library/Ewe-Bloom
441,/cheese-library/Ewenique
442,/cheese-library/Ewes-Blue
443,/cheese-library/Explorateur
444,/cheese-library/Extra-Aged-Goat-Sartori
445,/cheese-library/Extra-Old-Cheddar-Cows-Creamery
446,/cheese-library/ExtraAged-Asagio
447,/cheese-library/ExtraAged-Fontina
448,/cheese-library/Family-Heirloom-BellaVitano
449,/cheese-library/Farmers-Block
450,/cheese-library/Fasiago
451,/cheese-library/Fat-Bottom-Girl
452,/cheese-library/Feliciana-Nevat
453,/cheese-library/Fenacho
454,/cheese-library/Fermiere
455,/cheese-library/Feta-3-Corner-Field-Farm
456,/cheese-library/Feta-Baetje-Farms
457,/cheese-library/Feta-Crumbles-Litehouse
458,/cheese-library/Feta-Flying-Goat-Farm
459,/cheese-library/Feta-Gold-Creek-Farms
460,/cheese-library/Feta-Harley-Farms
461,/cheese-library/Feta-Herbed--Spiced-Shepherds-Dairy
462,/cheese-library/Feta-Maplebrook-Farm-
463,/cheese-library/Feta-Montchevr
464,/cheese-library/Feta-Mozzarella-Co
465,/cheese-library/Feta-Mozzarella-Co-Goat
466,/cheese-library/Feta-Mt-Vikos-Barrel-Aged
467,/cheese-library/Feta-Narragansett
468,/cheese-library/Feta-PDO
469,/cheese-library/Feta-Pure-Luck-Dairy
470,/cheese-library/Feta-Raw-Shepherds-Dairy
471,/cheese-library/Feta-Redwood-Hill-Farm
472,/cheese-library/Feta-Vermont-Butter--Cheese-Creamery
473,/cheese-library/Feta-with-Green-Olives-Karoun
474,/cheese-library/Feta-with-Sun-Dried-Tomatoes-Karoun
475,/cheese-library/Ficaccio
476,/cheese-library/Fiddlehead-Tomme
477,/cheese-library/Field-of-Creams
478,/cheese-library/Fig-Burrata
479,/cheese-library/Figaro
480,/cheese-library/Fiore-Sardo
481,/cheese-library/Flavored-Chevre-Haystack-Mountain
482,/cheese-library/Fleur-de-la-Terre
483,/cheese-library/Fleur-de-la-Vallee
484,/cheese-library/Fleur-du-Maquis
485,/cheese-library/FleurdeTeche
486,/cheese-library/Fleurie-Noir
487,/cheese-library/Flora
488,/cheese-library/Flora-Capriole
489,/cheese-library/Flower-Marie
490,/cheese-library/Flsserkse
491,/cheese-library/Foggy-Morning
492,/cheese-library/Foggy-Morning-with-Basil--Garlic
493,/cheese-library/Fontina-Danish
494,/cheese-library/Fontina-Val-dAosta
495,/cheese-library/Fore-River-Tomme
496,/cheese-library/Formagella
497,/cheese-library/Formaggio-al-Tartufo
498,/cheese-library/Formai-de-Mut
499,/cheese-library/Formatge-Blau-del-Net
500,/cheese-library/Fortsonia
501,/cheese-library/Fougerus
502,/cheese-library/Fourme-au-Sauternes
503,/cheese-library/Fourme-dAmbert
504,/cheese-library/Foxglove
505,/cheese-library/French-Quarter
506,/cheese-library/Fresh-Cheddar-Curds-Silvery-Moon-Creamery
507,/cheese-library/Fresh-Chvre-Redwood-Hill
508,/cheese-library/Fresh-Goat-Cheese-Log-Montchevre
509,/cheese-library/Fresh-Goat-Cheese-Vermont-Butter--Cheese-Creamery
510,/cheese-library/Fresh-Mozzarella-Chapel-Hill
511,/cheese-library/Fresh-Mozzarella-Chapel-Hill-Creamery
512,/cheese-library/Fresh-Mozzarella-Crave-Brothers
513,/cheese-library/Fresh-Mozzarella-Medallions-Crave-Brothers
514,/cheese-library/Fresh-Mozzarella-Perline-Crave-Brothers
515,/cheese-library/Fresh-Sheeps-Milk-Coturnix
516,/cheese-library/Friesago
517,/cheese-library/Fromage-Blanc-Bellwether-Farms
518,/cheese-library/Fromage-Blanc-Cowgirl-Creamery
519,/cheese-library/Fromage-Blanc-Cypress-Grove-Chevre
520,/cheese-library/Fromage-Blanc-Harley-Farms
521,/cheese-library/Fromage-Blanc-Traders-Point-Creamery
522,/cheese-library/Fromage-Blanc-Vermont-Butter--Cheese-Creamery
523,/cheese-library/Fromage-de-Meaux
524,/cheese-library/Fromager-dAffinois
525,/cheese-library/Fromager-dAffinois-Truffle
526,/cheese-library/Frre-Fumant
527,/cheese-library/Frsterkse-
528,/cheese-library/frumage-lottavio
529,/cheese-library/Fumaison
530,/cheese-library/Funkmeister
531,/cheese-library/Fuzzy-Wheel
532,/cheese-library/Gabietou
533,/cheese-library/GADDIS
534,/cheese-library/Gamalost
535,/cheese-library/Gamoneu
536,/cheese-library/Garden-Chive-Chevre-Harley-Farms
537,/cheese-library/Garlic-Everona
538,/cheese-library/Garrotxa
539,/cheese-library/Gatekeeper
540,/cheese-library/Georgia-Gouda
541,/cheese-library/Gisele
542,/cheese-library/Gjetost
543,/cheese-library/Glacier-Blue
544,/cheese-library/Glacier-Gorgonzola
545,/cheese-library/Glacier-Penta-Creme
546,/cheese-library/Gleann-ir
547,/cheese-library/Goat-Brie-Laura-Chenel
548,/cheese-library/Goat-Cheddar-Central-Coast
549,/cheese-library/Goat-Cheddar-Redwood-Hill
550,/cheese-library/Goat-Chevre-in-Olive-Oil-Kennebec
551,/cheese-library/Goat-Gouda
552,/cheese-library/Goat-Montasio
553,/cheese-library/Goatlet
554,/cheese-library/Gorgonzola-Core-Litehouse
555,/cheese-library/Gorgonzola-Crumbles-Litehouse
556,/cheese-library/Gorgonzola-Dolce
557,/cheese-library/Gorgonzola-Piccante-Mountain
558,/cheese-library/Gouda--Smoked-Maple-Leaf-Cheese-Cooperative
559,/cheese-library/Gouda-Beemster-XO
560,/cheese-library/Gouda-Gris
561,/cheese-library/Gouda-LAmuse
562,/cheese-library/Gouda-Marieke
563,/cheese-library/Gouda-Old-Amsterdam
564,/cheese-library/Gouda-Rembrandt
565,/cheese-library/Gouda-Terschelling-Sheep
566,/cheese-library/Gouda-The-Farm-House-Natural-Cheeses
567,/cheese-library/Gouda-Vintage-5-Year
568,/cheese-library/Gouda-Winchester
569,/cheese-library/Gouda-with-Foenegreek-
570,/cheese-library/Gouda-with-Herbs-
571,/cheese-library/Gour-Noir
572,/cheese-library/Gran-Canaria
573,/cheese-library/Gran-Mugello
574,/cheese-library/Gran-Queso
575,/cheese-library/Grana-Padano
576,/cheese-library/Grand-Cru-Surchoix
577,/cheese-library/Gratin-Naturale-Media
578,/cheese-library/Gravenstein-Gold-Ceased-Production
579,/cheese-library/Graviera
580,/cheese-library/Grayson
581,/cheese-library/Great-Hill-Blue
582,/cheese-library/Green-Fields
583,/cheese-library/Green-Hill
584,/cheese-library/Greensward
585,/cheese-library/Gres-des-Vosges
586,/cheese-library/Grevenbroecker
587,/cheese-library/Griffin
588,/cheese-library/Grilling-Cheese-Karoun-Yanni
589,/cheese-library/Grilling-Cheese-w-Jalepeno-Spices-Karoun-Yanni
590,/cheese-library/Growler
591,/cheese-library/Gruyere-1655-Le-Cret
592,/cheese-library/Gruyre-Switzerland
593,/cheese-library/Gubbeen
594,/cheese-library/Gubbeen--Smoked
595,/cheese-library/Hafod
596,/cheese-library/Halleck-Creek
597,/cheese-library/Halloumi
598,/cheese-library/HandDipped-Ricotta-Luizzi-Angeloni
599,/cheese-library/Hanfmutschli
600,/cheese-library/Hannahbells
601,/cheese-library/Harbison
602,/cheese-library/Harbourne-Blue
603,/cheese-library/Hartwell
604,/cheese-library/Harvest
605,/cheese-library/Havarti-Castello-Aged
606,/cheese-library/Havarti-Castello-Creamy
607,/cheese-library/Havarti-Danish
608,/cheese-library/Havarti-with-Caraway
609,/cheese-library/Haystack-Peak
610,/cheese-library/Heat
611,/cheese-library/Heidi
612,/cheese-library/Heinrichsthaler-Bierkase
613,/cheese-library/Herb-Garlic-Chvre-Westfield-Farm
614,/cheese-library/Herbal-Jack
615,/cheese-library/Herbes-de-Provence-Everona-Dairy
616,/cheese-library/Herbs-Burrata
617,/cheese-library/Herbs-de-Humboldt
618,/cheese-library/Herbs-Stracciatella
619,/cheese-library/Heublumen
620,/cheese-library/Hickory-Grove
621,/cheese-library/Hidden-Falls
622,/cheese-library/Hildene-Farm-Chevre
623,/cheese-library/Hillis-Peak
624,/cheese-library/Hoch-Ybrig
625,/cheese-library/Hoelzerne-Geiss
626,/cheese-library/Hoja-Santa
627,/cheese-library/Hollandse-Creme
628,/cheese-library/Holy-Cow-Vache-Sante
629,/cheese-library/Honey-Lavender-Chevre-Harley-Farms
630,/cheese-library/Hooks-Blue
631,/cheese-library/Hooligan
632,/cheese-library/Hopelessly-Bleu
633,/cheese-library/Hot-Nanny
634,/cheese-library/Hot-Pepper-Jack
635,/cheese-library/Hubbardston-Blue
636,/cheese-library/Huckleberry-Blue
637,/cheese-library/Hudson-Flower
638,/cheese-library/Hudson-Red
639,/cheese-library/Humble-Herdsman
640,/cheese-library/Humboldt-Fog
641,/cheese-library/Humboldt-Fog-Haze-Remix
642,/cheese-library/Humming-Bark
643,/cheese-library/Hummingbird
644,/cheese-library/Hunkadora
645,/cheese-library/Hyku
646,/cheese-library/Iberico
647,/cheese-library/Ibores
648,/cheese-library/Idiazabal
649,/cheese-library/Idyll-Gris
650,/cheese-library/Idyll-Pastures-Spreadable
651,/cheese-library/Idyllweiss
652,/cheese-library/In-Your-Face-Cheddar
653,/cheese-library/Infossato
654,/cheese-library/Jarlsberg
655,/cheese-library/Jeffs-Select-Gouda
656,/cheese-library/Jersey-Blue
657,/cheese-library/Jersey-Camembert
658,/cheese-library/Jersey-Jack
659,/cheese-library/Julianna
660,/cheese-library/Jungfrau-BabyEyed-Swiss
661,/cheese-library/Juni
662,/cheese-library/Kashar
663,/cheese-library/Kaskaskia
664,/cheese-library/Keep-Dreaming
665,/cheese-library/Kenne
666,/cheese-library/Kennebec-Highlands-Caerphilly
667,/cheese-library/Kiku
668,/cheese-library/Kinderhook-Creek
669,/cheese-library/Kinsman-Ridge
670,/cheese-library/Kokos
671,/cheese-library/Kunik
672,/cheese-library/La-Cocina-Caciotta
673,/cheese-library/La-Couronne-Lochoise
674,/cheese-library/La-Fleurie
675,/cheese-library/La-Luna
676,/cheese-library/La-Mancha-Reserve
677,/cheese-library/La-Peral
678,/cheese-library/La-Petite-Tomme
679,/cheese-library/La-Religieuse
680,/cheese-library/La-Roche
681,/cheese-library/La-Taupiniere-Charentaise
682,/cheese-library/La-Tur
683,/cheese-library/Labne-Karoun
684,/cheese-library/Lady-Jane
685,/cheese-library/Laliberte
686,/cheese-library/Lamb-Chopper
687,/cheese-library/LAmi-du-Chambertin
688,/cheese-library/Lancashire-Kirkhams
689,/cheese-library/Landaff
690,/cheese-library/Langres
691,/cheese-library/Lavendar-Honey-with-Chili-Burrata
692,/cheese-library/Lavort
693,/cheese-library/Le-Brebiou
694,/cheese-library/Le-Chevrot
695,/cheese-library/Le-Marechal-
696,/cheese-library/Le-Petit-Dejuner
697,/cheese-library/Le-Sousbois
698,/cheese-library/LEdel-de-Cleron
699,/cheese-library/Legato
700,/cheese-library/Leonora
701,/cheese-library/Les-Frres
702,/cheese-library/Leyden
703,/cheese-library/Lil-Moo
704,/cheese-library/Lille-Coulommiers
705,/cheese-library/Lilly-Pad
706,/cheese-library/Limburger-Country-Castle
707,/cheese-library/Limburger-German
708,/cheese-library/Lincoln-Log
709,/cheese-library/Lincolnshire-Poacher
710,/cheese-library/Lindy-Hop
711,/cheese-library/Lingot-Saint-Nicolas-de-la-Dalmiere
712,/cheese-library/Lisa
713,/cheese-library/Little-Bloom-on-the-Prairie
714,/cheese-library/Little-Darling
715,/cheese-library/Little-Dragon
716,/cheese-library/Little-Napoleon
717,/cheese-library/Livarot
718,/cheese-library/Liwa
719,/cheese-library/Log-Laura-Chenel
720,/cheese-library/Loma-Alta
721,/cheese-library/Lord-of-the-Hundreds
722,/cheese-library/Lou-Bergier-Pichin
723,/cheese-library/Louis-dOr
724,/cheese-library/Lowcountry-Whey
725,/cheese-library/Mad-River-Blue
726,/cheese-library/Madame-Loik
727,/cheese-library/Maggies-Round
728,/cheese-library/Mahon
729,/cheese-library/Malvarosa
730,/cheese-library/Mamirolle
731,/cheese-library/Manchego
732,/cheese-library/Manchego-1605
733,/cheese-library/Manchester-Consider-Bardwell-Farm
734,/cheese-library/Maple-Basil-Cheddar
735,/cheese-library/Maple-Burrata
736,/cheese-library/Maple-Cream-Chvre
737,/cheese-library/Maple-Smoked-Cheddar-Grafton-Village
738,/cheese-library/Maple-Stracciatella
739,/cheese-library/Marco-Polo-Reserve
740,/cheese-library/Margie
741,/cheese-library/Marinated-Cabecou
742,/cheese-library/Marinated-Ciliegine-
743,/cheese-library/Marinated-Feta
744,/cheese-library/Marinated-Feta-Brazos-Valley
745,/cheese-library/Marinated-Feta-Split-Creek-Farm
746,/cheese-library/Marinated-Sheep-and-Goat-Cheese
747,/cheese-library/Marisa
748,/cheese-library/Maroilles
749,/cheese-library/Mascarpone-Burrata
750,/cheese-library/Mascarpone-Crave-Brothers
751,/cheese-library/Mascarpone-Vermont-Butter--Cheese-Creamery
752,/cheese-library/Mastorazio
753,/cheese-library/Maytag-Blue
754,/cheese-library/Meadow-Melody-Grande
755,/cheese-library/Meadowkaas
756,/cheese-library/Medallion
757,/cheese-library/Melange
758,/cheese-library/Melinda-Mae
759,/cheese-library/Melkbus-Baby-Swiss58
760,/cheese-library/Melkbus-Original237
761,/cheese-library/Melkbus125-Winter
762,/cheese-library/Melkbus149-Truffle
763,/cheese-library/Menage
764,/cheese-library/Merlot-BellaVitano
765,/cheese-library/Midnight-Blue
766,/cheese-library/Midnight-Moon
767,/cheese-library/Miette
768,/cheese-library/Milleens
769,/cheese-library/Mimolette
770,/cheese-library/Mini
771,/cheese-library/Minuet
772,/cheese-library/Mlodie
773,/cheese-library/Mobay
774,/cheese-library/Moliterno-al-Tartufo
775,/cheese-library/Mona
776,/cheese-library/Monastery-Country-Cheese-Gouda
777,/cheese-library/Monet
778,/cheese-library/Monroe
779,/cheese-library/Mont-Briac--Roche-Baron
780,/cheese-library/Mont-Idyll
781,/cheese-library/Mont-St-Francis
782,/cheese-library/Mont-Vully
783,/cheese-library/MontAmore
784,/cheese-library/Montasio
785,/cheese-library/Montasio-Festivo
786,/cheese-library/Montcabrer
787,/cheese-library/Monte-Enebro
788,/cheese-library/Monteo
789,/cheese-library/Monterey-Jack-Face-Rock
790,/cheese-library/Moonchego
791,/cheese-library/Moonglo
792,/cheese-library/Moonlight-Chaource
793,/cheese-library/Morbier
794,/cheese-library/Morgan
795,/cheese-library/Moses-Sleeper
796,/cheese-library/Mossfield-Organic
797,/cheese-library/MothaissurFeuille
798,/cheese-library/Mouco-Camembert
799,/cheese-library/Mount-Mazama-
800,/cheese-library/Mountaineer
801,/cheese-library/Mountaintop-bleu
802,/cheese-library/Mozzarella--Smoked--Joes-Dairy
803,/cheese-library/Mozzarella--Smoked-Maplebrook-Farm
804,/cheese-library/Mozzarella--Smoked-The-Mozzarella-Company
805,/cheese-library/Mozzarella-Curd-Mozzarella-Company
806,/cheese-library/Mozzarella-di-Bufala
807,/cheese-library/Mozzarella-di-Bufala-Casa-Madaio-
808,/cheese-library/Mozzarella-Fiore-di-Nonno
809,/cheese-library/Mozzarella-Maplebrook-Farm
810,/cheese-library/Mozzarella-Point-Reyes
811,/cheese-library/Mozzarella-Roll
812,/cheese-library/Ms-Natural
813,/cheese-library/Mt-Alice
814,/cheese-library/Mt-Sterling-Country-Jack
815,/cheese-library/Mt-Sterling-Goat-Cheddar
816,/cheese-library/Mt-Tam
817,/cheese-library/Muffato
818,/cheese-library/Munster
819,/cheese-library/Mycella
820,/cheese-library/Naked-Pruner
821,/cheese-library/Nancys-Hudson-Valley-Camembert
822,/cheese-library/Nevat--Petit-Nevat
823,/cheese-library/New-Moon
824,/cheese-library/Nicasio-Reserve
825,/cheese-library/Nicasio-Square
826,/cheese-library/Nickajack
827,/cheese-library/Nisa
828,/cheese-library/Nocciolo
829,/cheese-library/Nocetto-di-Capra
830,/cheese-library/Nostrano-di-Primiero
831,/cheese-library/Nuvola-di-Pecora
832,/cheese-library/Nylander-Organic-Gouda
833,/cheese-library/Oaxaca-Karoun
834,/cheese-library/OBanon
835,/cheese-library/OCooch-Mountain
836,/cheese-library/Off-Kilter
837,/cheese-library/Oka
838,/cheese-library/Old-Goat
839,/cheese-library/Old-Growler
840,/cheese-library/Old-Kentucky-Tomme
841,/cheese-library/Old-Winchester
842,/cheese-library/Oma
843,/cheese-library/Opus-42
844,/cheese-library/Oregon-Blue
845,/cheese-library/Oregonzola
846,/cheese-library/Organic-Champlain-Triple
847,/cheese-library/Original-Blue
848,/cheese-library/Oriol-de-Montbru
849,/cheese-library/Orval
850,/cheese-library/Ossau-Iraty
851,/cheese-library/Paglierino
852,/cheese-library/Paniolo
853,/cheese-library/Pantaleo
854,/cheese-library/Parmesan-Gold-Creek
855,/cheese-library/Parmesan-Sartori
856,/cheese-library/Parmesan-Sartori-Family-Heirloom
857,/cheese-library/Parmigiano-Reggiano
858,/cheese-library/Parrano
859,/cheese-library/Partita
860,/cheese-library/Paski-Sir
861,/cheese-library/Pastorale-Blend
862,/cheese-library/Pauline
863,/cheese-library/Pawlet
864,/cheese-library/Pecan-Praline-Mascarpone-Torta
865,/cheese-library/Pecorino-al-Tartufo-Pinzani
866,/cheese-library/Pecorino-Brigantaccio
867,/cheese-library/Pecorino-Camomilla
868,/cheese-library/Pecorino-di-Parco
869,/cheese-library/Pecorino-Foglie-Noce
870,/cheese-library/Pecorino-Lucano
871,/cheese-library/Pecorino-Muffato-di-Anversa-Marcelli
872,/cheese-library/Pecorino-Pienza-Gran-Riserva
873,/cheese-library/Pecorino-Scorza-Nera
874,/cheese-library/Pecorino-Toscano
875,/cheese-library/Pecorino-Toscano-Fresco
876,/cheese-library/Pecorino-with-Pistachio
877,/cheese-library/Pepato
878,/cheese-library/Pepato-BelGioioso
879,/cheese-library/PepBert
880,/cheese-library/Perail
881,/cheese-library/Perlagrigia-con-Tartufo
882,/cheese-library/Persille-dHery
883,/cheese-library/Petit-Frre
884,/cheese-library/Petit-Frre-with-Truffles
885,/cheese-library/Petit-Nuage
886,/cheese-library/Petit-Quercy-
887,/cheese-library/Petit-Sapin
888,/cheese-library/Petite-Blue
889,/cheese-library/Petite-Breakfast
890,/cheese-library/Petite-Camembert
891,/cheese-library/Petite-Creme
892,/cheese-library/Petite-Supreme
893,/cheese-library/Petite-Truffle
894,/cheese-library/Piave
895,/cheese-library/Picodon-de-la-Drme
896,/cheese-library/Picolo
897,/cheese-library/Pied-de-Vent
898,/cheese-library/Piedmont
899,/cheese-library/Pierce-Point
900,/cheese-library/Pierre-Robert
901,/cheese-library/Pipers-Pyramide
902,/cheese-library/Pleasant-Cow
903,/cheese-library/Pleasant-Ridge-Reserve
904,/cheese-library/Pluvius
905,/cheese-library/Plymouth-Artisan-Cheese-Hand-Waxed-Series
906,/cheese-library/Pondhopper
907,/cheese-library/Pont-lEveque
908,/cheese-library/Porter
909,/cheese-library/Porter-Cheese
910,/cheese-library/Pouligny-SaintPierre
911,/cheese-library/Prairie-Tomme
912,/cheese-library/Pride-of-Bacchus
913,/cheese-library/Prix-de-Diane
914,/cheese-library/Promontory-Apple-Walnut-Smoked
915,/cheese-library/Providence
916,/cheese-library/Provolone
917,/cheese-library/Provolone-Silvery-Moon-Creamery
918,/cheese-library/Prufrock
919,/cheese-library/PsycheDillic
920,/cheese-library/Ptit-Basque
921,/cheese-library/Purple-Haze
922,/cheese-library/Pyramid-Hillman-Farm
923,/cheese-library/Quadrello
924,/cheese-library/Quark-Vermont-Butter-Cheese-Creamery
925,/cheese-library/Queijo-de-Evora
926,/cheese-library/Queijo-Minas-Artesanal-Araxa
927,/cheese-library/Queso-de-Verano
928,/cheese-library/Queso-del-Invierno
929,/cheese-library/Queso-Oaxaca-Mozzarella-Co
930,/cheese-library/Queso-Oaxaca-Silvery-Moon-Creamery
931,/cheese-library/Queso-Tetilla
932,/cheese-library/Raclette
933,/cheese-library/Raclette-de-Chevre
934,/cheese-library/Raspberry-BellaVitano
935,/cheese-library/Rawstruck
936,/cheese-library/Reading-
937,/cheese-library/Reblochon-Fermier
938,/cheese-library/Red-Alder
939,/cheese-library/Red-Cloud
940,/cheese-library/Red-Dawn
941,/cheese-library/Red-Hawk
942,/cheese-library/Red-Leicester-Sparkenhoe
943,/cheese-library/Red-Rock
944,/cheese-library/Red-Vask
945,/cheese-library/Redmond-Cheddar
946,/cheese-library/Redstone-Robust
947,/cheese-library/Remeker
948,/cheese-library/Renaissance-Ricotta-Narragansett
949,/cheese-library/Renata-Ceased-Production
950,/cheese-library/Reverie
951,/cheese-library/Rey-Silo-Afuegal-Pitu
952,/cheese-library/Rey-Silo-Afuegal-Pitu-Red-Pimento
953,/cheese-library/Ricotta-al-fumo-di-Ginepro
954,/cheese-library/Ricotta-Bellwether-Farms
955,/cheese-library/Ricotta-Calabro
956,/cheese-library/Ricotta-Caputo-Brothers
957,/cheese-library/Ricotta-con-Latte-BelGioioso
958,/cheese-library/Ricotta-Fruition-Farms
959,/cheese-library/Ricotta-Harley-Farms
960,/cheese-library/Ricotta-Lakins-Gorges-Cheese
961,/cheese-library/Ricotta-Lana
962,/cheese-library/Ricotta-Maplebrook-Farm
963,/cheese-library/Ricotta-Old-Chatham-Sheepherding-Co
964,/cheese-library/Ricotta-Peperoncino
965,/cheese-library/Ricotta-Quality-Cheese-Inc
966,/cheese-library/Ricotta-Salata-BelGioioso
967,/cheese-library/Ricotta-Scorza-Nera
968,/cheese-library/Riesling-x-Sylvaner
969,/cheese-library/Rigotte-de-Condrieu-
970,/cheese-library/Rileys-Coat
971,/cheese-library/Ripened-Disc-Hillman-Farm
972,/cheese-library/Rita
973,/cheese-library/Roaring-Forties-Blue
974,/cheese-library/Robiola-della-Langhe-Bosina
975,/cheese-library/Robiola-di-Roccaverano
976,/cheese-library/Robiola-Fia-Cora
977,/cheese-library/Robiola-La-Rossa-Cora
978,/cheese-library/Robiola-Vite-Cora
979,/cheese-library/Rochefort-with-Ouessant-Seaweed
980,/cheese-library/Rochetta
981,/cheese-library/Rogue-River-Blue
982,/cheese-library/Romano-Gold-Creek
983,/cheese-library/Roncal
984,/cheese-library/Rondin
985,/cheese-library/Roquefort
986,/cheese-library/Roquefort-Papillon
987,/cheese-library/Ros-Ombra
988,/cheese-library/Rosemary-and-Olive-Oil-Asiago-Sartori
989,/cheese-library/Rosemary-Goat
990,/cheese-library/Rosemary-Montasio
991,/cheese-library/Rosemarys-Waltz
992,/cheese-library/Rosethorn-Blue
993,/cheese-library/Roths-Private-Reserve
994,/cheese-library/Roundabout
995,/cheese-library/Rove-de-Garrigues
996,/cheese-library/Rupert
997,/cheese-library/Rush-Creek-Reserve
998,/cheese-library/Rustico-Limone
999,/cheese-library/Saint-Agur
1000,/cheese-library/Saint-Marcellin
1001,/cheese-library/Sainte-Maure-de-Touraine
1002,/cheese-library/SaintFelicien
1003,/cheese-library/Salers
1004,/cheese-library/Salers-Tradition
1005,/cheese-library/Sally-Jackson-Goat-Cheese-with-Vine-Leaves-Ceased-Production
1006,/cheese-library/Sally-Jackson-Sheep-Cheese-w-Chestnut-Leaves-Ceased-Production
1007,/cheese-library/San-Andreas
1008,/cheese-library/San-Geronimo
1009,/cheese-library/San-Joaquin-Gold
1010,/cheese-library/San-Simon
1011,/cheese-library/Sandy-Creek
1012,/cheese-library/Sao-Jorge
1013,/cheese-library/Sappy-Ewe
1014,/cheese-library/Sarabande
1015,/cheese-library/Saras-del-fen
1016,/cheese-library/Sarro-de-Cabra
1017,/cheese-library/SarVecchio
1018,/cheese-library/Savage
1019,/cheese-library/Sbrinz
1020,/cheese-library/Sbronzo
1021,/cheese-library/Scamorza--Smoked-Maplebrook-Farm
1022,/cheese-library/Scamorza--Smoked-The-Mozzarella-Company
1023,/cheese-library/Scamorza-Fiore-di-Nonno
1024,/cheese-library/Scapegoat
1025,/cheese-library/Schabziger--Sap-Sago-
1026,/cheese-library/Scharfe-Maxx
1027,/cheese-library/Schloss
1028,/cheese-library/Sea-Change
1029,/cheese-library/SeaHive
1030,/cheese-library/Seascape-
1031,/cheese-library/Seastack
1032,/cheese-library/Selles-sur-Cher
1033,/cheese-library/Selun
1034,/cheese-library/SenneFlade
1035,/cheese-library/Serpa
1036,/cheese-library/Serra-da-Estrela
1037,/cheese-library/Seven-Sisters
1038,/cheese-library/Sevenwood-Ceased-Production
1039,/cheese-library/Sgt-Pepper
1040,/cheese-library/Shaker-Blue
1041,/cheese-library/Shakerag-Blue
1042,/cheese-library/Shenandoah
1043,/cheese-library/Shepherds-Halo
1044,/cheese-library/Shepherds-Hope
1045,/cheese-library/Shepherds-Peak-
1046,/cheese-library/Shepsog
1047,/cheese-library/Shropshire-Blue
1048,/cheese-library/Shushan-Snow
1049,/cheese-library/Sierra-Mountain-Tomme
1050,/cheese-library/Silver-Mountain
1051,/cheese-library/Simply-Sheep
1052,/cheese-library/Single-Gloucester-Smarts
1053,/cheese-library/Sirene
1054,/cheese-library/Smoked-Baby-Swiss
1055,/cheese-library/Smoked-Capri
1056,/cheese-library/Smoked-Chili-Cheddar-Grafton
1057,/cheese-library/Smoked-Goat-Cheddar-Redwood-Hill
1058,/cheese-library/Smoked-Gouda-Brazos-Valley
1059,/cheese-library/Smoked-Kentucky-Bleu
1060,/cheese-library/Smoked-Parmesan-Gold-Creek
1061,/cheese-library/Smoked-Provolone-Silvery-Moon-Creamery
1062,/cheese-library/Smokey-Blue
1063,/cheese-library/Smoking-Goud
1064,/cheese-library/Snfrisk-Firm
1065,/cheese-library/Snfrisk-Soft
1066,/cheese-library/Snow-Canyon-Edam
1067,/cheese-library/Snow-Pond
1068,/cheese-library/Snowdrop
1069,/cheese-library/Snowfields
1070,/cheese-library/Snowmass
1071,/cheese-library/Sofia
1072,/cheese-library/Somerset-
1073,/cheese-library/Sophie
1074,/cheese-library/Soumaintrain
1075,/cheese-library/Spenwood
1076,/cheese-library/Speziato
1077,/cheese-library/Spice-Must-Flow
1078,/cheese-library/Spring-Fever
1079,/cheese-library/Sriracha-Gouda
1080,/cheese-library/St-Albans
1081,/cheese-library/St-Andre
1082,/cheese-library/St-Clements
1083,/cheese-library/St-George-Matos
1084,/cheese-library/St-James
1085,/cheese-library/St-Malachi
1086,/cheese-library/St-Nectaire
1087,/cheese-library/St-Pat
1088,/cheese-library/St-Stephen
1089,/cheese-library/Stanser-Flad-
1090,/cheese-library/Sterling-Reserve
1091,/cheese-library/Sternenberger-Edelwyss
1092,/cheese-library/Sternenberger-Mutschli
1093,/cheese-library/Stichelton
1094,/cheese-library/Stilton--Colston-Bassett
1095,/cheese-library/Stinking-Bishop
1096,/cheese-library/Stokes-Point-Smoked-Cheddar
1097,/cheese-library/Stracciatella-Fiore-di-Nonno
1098,/cheese-library/Strachitund
1099,/cheese-library/String-Cheese-Fiore-di-Nonno
1100,/cheese-library/Stroudwater-Tomme
1101,/cheese-library/Suffolk-Punch
1102,/cheese-library/Sumi
1103,/cheese-library/Summer-Snow
1104,/cheese-library/Summertomme
1105,/cheese-library/Supreme
1106,/cheese-library/Surchoix
1107,/cheese-library/Swaledale-Ewe
1108,/cheese-library/Sweet--Nutty-Inglewhite
1109,/cheese-library/Sweet-Vanilla-Cardona
1110,/cheese-library/Taleggio
1111,/cheese-library/Tallgrass
1112,/cheese-library/Tanasi-Tomme
1113,/cheese-library/Tarentais-France
1114,/cheese-library/Tarentaise-Spring-Brook
1115,/cheese-library/Tarentaise-Thistle-Hill
1116,/cheese-library/Taula
1117,/cheese-library/Taupiniere
1118,/cheese-library/Tavoliere
1119,/cheese-library/TeaHive
1120,/cheese-library/Ted
1121,/cheese-library/Teleeka
1122,/cheese-library/Telemea
1123,/cheese-library/Teneri
1124,/cheese-library/Terra
1125,/cheese-library/the-manchester
1126,/cheese-library/The-MoonRabbit
1127,/cheese-library/The-Valley-Fromage-Blanc
1128,/cheese-library/Thomasville-Tomme
1129,/cheese-library/Three-Milk-Cenere
1130,/cheese-library/Three-Sisters
1131,/cheese-library/Thumbelina
1132,/cheese-library/Thunder-Mountain-Swiss
1133,/cheese-library/Ticklemore
1134,/cheese-library/Tilsiter
1135,/cheese-library/Tilston-Point-Blue
1136,/cheese-library/Timanoix
1137,/cheese-library/Timberdoodle
1138,/cheese-library/Toma-del-Bot
1139,/cheese-library/Toma-Point-Reyes
1140,/cheese-library/Tome-de-Aquitaine-Clisson
1141,/cheese-library/Tome-de-Bordeaux
1142,/cheese-library/Tome-de-Recollets
1143,/cheese-library/Tome-des-Bauges
1144,/cheese-library/Tome-Laura-Chenel
1145,/cheese-library/Tomette-dHelette
1146,/cheese-library/Tomme-de-Chevre-de-Savoie
1147,/cheese-library/Tomme-de-Chvre-des-Pyrenes
1148,/cheese-library/Tomme-de-Crayeuse
1149,/cheese-library/Tomme-de-Fedou
1150,/cheese-library/Tomme-de-HautRicheliu
1151,/cheese-library/Tomme-de-Manigodine
1152,/cheese-library/Tomme-de-Nena
1153,/cheese-library/Tomme-de-Savoie
1154,/cheese-library/Tomme-Vaudoise
1155,/cheese-library/Tommette-de-Corbiers
1156,/cheese-library/Torta-del-Casar
1157,/cheese-library/Torta-Finca-Pascualete
1158,/cheese-library/TortitadeBarros
1159,/cheese-library/Torus
1160,/cheese-library/Toussaint
1161,/cheese-library/Town-Hill-Tomme
1162,/cheese-library/Trade-Lake-Cedar
1163,/cheese-library/Trailhead
1164,/cheese-library/Trappe-Echourgnac
1165,/cheese-library/Tres-Bonne
1166,/cheese-library/Tres-Leches
1167,/cheese-library/Tricycle
1168,/cheese-library/Triple-Creme-Brie
1169,/cheese-library/Triple-Creme-Brie-with-Truffles
1170,/cheese-library/Trivium
1171,/cheese-library/Trou-de-Cru
1172,/cheese-library/Truffello
1173,/cheese-library/Truffle-Burrata
1174,/cheese-library/Truffle-Stracciatella
1175,/cheese-library/Truffle-Tremor
1176,/cheese-library/Trufflestack-
1177,/cheese-library/Tte-de-Moine
1178,/cheese-library/Tubby
1179,/cheese-library/Tulare-Cannonball
1180,/cheese-library/Tulum-Wisconsin-Sheep-Dairy-Coop
1181,/cheese-library/Tumalo-Tomme
1182,/cheese-library/Tumbleweed
1183,/cheese-library/Tunworth
1184,/cheese-library/Twig-Farm-Square-Wheel
1185,/cheese-library/Twig-Farm-Tomme
1186,/cheese-library/Twig-Farm-Washed-Wheel
1187,/cheese-library/TwoFaced-Blue
1188,/cheese-library/Tymsboro
1189,/cheese-library/U-Pecurinu
1190,/cheese-library/Ubriaco-di-Raboso
1191,/cheese-library/Ubriaco-Rosso
1192,/cheese-library/Uniekaas-Reserve
1193,/cheese-library/Up-in-Smoke
1194,/cheese-library/Up-North-Smoked-Ricotta
1195,/cheese-library/Vache-Sante-Holy-Cow
1196,/cheese-library/Vacherin-Fribourgeois
1197,/cheese-library/Vacherin-Mont-dOr
1198,/cheese-library/Valdeon
1199,/cheese-library/Valencay
1200,/cheese-library/Valentine
1201,/cheese-library/Vampire-Slayer
1202,/cheese-library/Van-Goat
1203,/cheese-library/Van-Sormon
1204,/cheese-library/Veigadarte
1205,/cheese-library/Veneto-
1206,/cheese-library/Vento-dEstate
1207,/cheese-library/Vermont-Ayr
1208,/cheese-library/Vermont-Herdsman
1209,/cheese-library/Vermont-Leyden
1210,/cheese-library/Vermont-Quark
1211,/cheese-library/Vermont-Shepherd
1212,/cheese-library/Viejo-Maestro
1213,/cheese-library/Vina-Milagro
1214,/cheese-library/Vintage-Grand-Ewe
1215,/cheese-library/Vivace
1216,/cheese-library/Wabash-Cannonball
1217,/cheese-library/Wagon-Wheel
1218,/cheese-library/Wasabi-Disc
1219,/cheese-library/Wasatch-Mountain
1220,/cheese-library/Wavreumont
1221,/cheese-library/Welsh-Cheddar-5-Spoke-Creamery
1222,/cheese-library/Wensleydale-Hawes
1223,/cheese-library/West-West-Blue
1224,/cheese-library/Weston-Tomme
1225,/cheese-library/Weybridge
1226,/cheese-library/White-Cheddar-Brazos-Valley
1227,/cheese-library/White-Cheddar-Spring-Hill
1228,/cheese-library/Wigmore
1229,/cheese-library/Wild-Boar
1230,/cheese-library/Wilde-Weide
1231,/cheese-library/Willoughby
1232,/cheese-library/Wimer-Winter
1233,/cheese-library/Windrush-Cheeses
1234,/cheese-library/Winnimere
1235,/cheese-library/Woman-of-La-Mancha
1236,/cheese-library/Woodside-Alpine
1237,/cheese-library/Woolly-Rind
1238,/cheese-library/Wrangeback
1239,/cheese-library/Yellow-Buck-Camembert
1240,/cheese-library/Zaatar-Burrata
1241,/cheese-library/Zamorano
1242,/cheese-library/Zelu-Koloria
1243,/cheese-library/Ziege-Zacke-Blue
